run,mesh_res,error_u,error_p,error_hdiv
0,2,0.77414,0.48286,0.59838
1,4,0.23587,0.17533,0.10789
2,6,0.12667,0.08948,0.04316
3,8,0.08382,0.05890,0.02310
4,10,0.06171,0.04455,0.01437
5,12,0.04950,0.03493,0.00979
