run,mesh_res,error_u,error_p
0,2,0.85574,0.06108
1,4,0.24449,0.02005
2,6,0.11132,0.00937
3,8,0.06315,0.00536
4,10,0.04057,0.00346
5,12,0.02824,0.00241
