run,mesh_res,error_u,error_p
0,2,0.99033,0.01237
1,3,0.51727,0.00939
2,4,0.30788,0.00735
3,5,0.20225,0.00599
4,6,0.14245,0.00504
