run,mesh_res,error_u,error_p
0,2,0.85574,0.31647
1,4,0.24449,0.16309
2,6,0.11132,0.10797
3,8,0.06315,0.08067
4,10,0.04057,0.06440
5,12,0.02824,0.05360
