run,mesh_res,error_u
0,1,0.99633
1,2,0.57294
2,3,0.22826
3,4,0.12233
4,5,0.07644
