run,mesh_res,error_u
0,2,0.55004
1,3,0.23067
2,4,0.12465
3,5,0.07808
4,6,0.05356
