run,mesh_res,error_u
0,2,0.57294
1,4,0.12233
2,6,0.05238
3,8,0.02906
4,10,0.01848
